{"Andrea_UniqueSamu": 0.27450980392156865, "Andrea_UniqueChiara": 0.3182640144665461, "Andrea_UniqueFrosi": 0.2409288824383164, "Andrea_UniqueMarco": 0.259927797833935, "Andrea_UniqueIlenia": 0.17297297297297298, "SamuAndrea_Unique": 0.27450980392156865, "SamuChiara": 0.3018335684062059, "SamuFrosi": 0.36923076923076925, "SamuMarco": 0.2507042253521127, "SamuIlenia": 0.17490494296577946, "ChiaraAndrea_Unique": 0.3182640144665461, "ChiaraSamu": 0.3018335684062059, "ChiaraFrosi": 0.30409356725146197, "ChiaraMarco": 0.3424408014571949, "ChiaraIlenia": 0.273972602739726, "FrosiAndrea_Unique": 0.2409288824383164, "FrosiSamu": 0.36923076923076925, "FrosiChiara": 0.30409356725146197, "FrosiMarco": 0.28613138686131384, "FrosiIlenia": 0.17564870259481039, "MarcoAndrea_Unique": 0.259927797833935, "MarcoSamu": 0.2507042253521127, "MarcoChiara": 0.3424408014571949, "MarcoFrosi": 0.28613138686131384, "MarcoIlenia": 0.16939890710382513, "IleniaAndrea_Unique": 0.17297297297297298, "IleniaSamu": 0.17490494296577946, "IleniaChiara": 0.273972602739726, "IleniaFrosi": 0.17564870259481039, "IleniaMarco": 0.16939890710382513}